{"Administrativo": {"res": 0.12, "eng": 0.24, "int": 0.18000000000000005, "cur": 0.14, "sin": 0.14, "dis": 0.14}, "Comercial / Vendas": {"res": 0.0714285714285714, "eng": 0.0357142857142857, "int": 0.0357142857142857, "cur": 0.0535714285714286, "sin": 0.0714285714285714, "dis": 0.017857142857142905}, "Engenharia": {"res": 0.11111111111111116, "eng": 0.07407407407407407, "int": 0.03703703703703709, "cur": 0.18518518518518523, "sin": 0.09259259259259256, "dis": 0.14814814814814814}, "Juridico": {"res": 0.1166666666666667, "eng": 0.050000000000000044, "int": 0.16666666666666674, "cur": 0.16666666666666674, "sin": 0.033333333333333326, "dis": 0.1166666666666667}, "Logistica / Supply Chain": {"res": 0.10344827586206895, "eng": 0.08620689655172409, "int": 0.03448275862068961, "cur": 0.06896551724137923, "sin": 0.1206896551724137, "dis": 0.10344827586206895}, "Marketing / Comunicação": {"res": 0.06779661016949157, "eng": 0.13559322033898313, "int": 0.05084745762711873, "cur": 0.0, "sin": 0.08474576271186451, "dis": 0.10169491525423735}, "Produção / Operações": {"res": 0.15517241379310343, "eng": 0.08620689655172409, "int": 0.03448275862068961, "cur": 0.2068965517241379, "sin": 0.2068965517241379, "dis": 0.18965517241379304}, "RH": {"res": 0.21666666666666667, "eng": 0.20000000000000007, "int": 0.21666666666666667, "cur": 0.1333333333333333, "sin": 0.18333333333333335, "dis": 0.08333333333333337}, "Saúde": {"res": 0.12903225806451613, "eng": 0.17741935483870974, "int": 0.20967741935483875, "cur": 0.12903225806451613, "sin": 0.09677419354838712, "dis": 0.06451612903225812}, "Tecnologia": {"res": 0.1454545454545454, "eng": 0.07272727272727264, "int": 0.09090909090909083, "cur": 0.1272727272727272, "sin": 0.16363636363636358, "dis": 0.16363636363636358}}